{
  "meta_title": "Village Prata",
  "meta_description": "Joias em Prata em 925",
  "sections": [
    {
      "type": "responsive-banner",
      "img": "/img/uploads/whatsapp-image-2023-02-24-at-19.31.28.jpeg",
      "link": "https://www.villageprata.com.br/ressaca-de-carnaval",
      "mobile_img": "/img/uploads/whatsapp-image-2023-02-24-at-19.29.44.jpeg"
    },
    {
      "type": "collection-shelf",
      "shuffle": false,
      "limit": 12,
      "page": 1,
      "collection_id": "63f938f2f4167e223c9c1e5d:categories:Ressaca de Carnaval:/ressaca-de-carnaval",
      "sort": "lowest_price",
      "title": "https://www.villageprata.com.br/ressaca-de-carnaval"
    },
    {
      "type": "responsive-banner",
      "img": "/img/uploads/whatsapp-image-2023-02-14-at-13.18.44.jpeg",
      "link": "https://www.villageprata.com.br/inspiracao-pandora",
      "mobile_img": "/img/uploads/whatsapp-image-2023-02-14-at-13.18.44.jpeg"
    },
    {
      "type": "collection-shelf",
      "shuffle": false,
      "limit": 12,
      "page": 1,
      "collection_id": "6202f7897963422eeef40f8b:categories:Inspiração Pandora:/inspiracao-pandora",
      "link": "https://www.villageprata.com.br/inspiracao-pandora"
    },
    {
      "type": "info-bar",
      "enabled": true
    },
    {
      "type": "collection-shelf",
      "shuffle": false,
      "limit": 12,
      "page": 1,
      "collection_id": "616b2fd8a545a54dfb5c7c2f:brands:Village Prata:/village-prata",
      "sort": "views",
      "link": "https://www.villageprata.com.br/colecao-festa"
    },
    {
      "type": "collection-shelf",
      "shuffle": true,
      "collection_id": null,
      "sort": "offers",
      "title": "",
      "headless": false,
      "limit": 12,
      "page": 1
    },
    {
      "type": "page-title",
      "title": "Village Prata",
      "description": "Joias em Prata 925"
    },
    {
      "type": "dynamic-showcase",
      "load_more": true
    }
  ]
}